{
  "plan": "plan.md",
  "theory": "theory.md",
  "homework": "homework.md",
  "code": [
   "code/our_strin_builder/src/Main.java",
   "code/shapes24/src/Circle.java",
   "code/shapes24/src/Main.java",
   "code/shapes24/src/Rectangle.java",
   "code/shapes24/src/Shape.java",
   "code/shapes24/src/Square.java",
   "code/testing/src/Calculator.java",
   "code/testing/src/CalculatorTest.java",
   "code/testing/src/Main.java",
   "code/testing/src/MaxElementInArray.java",
   "code/testing/src/MaxElementInArrayTest.java"

  ],
  "video": ""
}