{
  "plan": "plan.md",
  "theory": "theory.md",
  "homework": "homework.md",
  "code": [
   "code/final_keyword/src/A.java",
   "code/final_keyword/src/B.java",
   "code/interfaces_java/src/Animal.java",
   "code/interfaces_java/src/Car.java",
   "code/interfaces_java/src/Demo.java",
   "code/interfaces_java/src/Driveable.java",
   "code/interfaces_java/src/Flyable.java",
   "code/interfaces_java/src/Horse.java",
   "code/interfaces_java/src/Interf1.java",
   "code/interfaces_java/src/Interf2.java",
   "code/interfaces_java/src/Karlson.java",
   "code/interfaces_java/src/Main.java",
   "code/interfaces_java/src/Moscito.java",
   "code/interfaces_java/src/Moveable.java",
   "code/interfaces_java/src/Plane.java",
   "code/pizza_factory_new/src/Main.java",
   "code/pizza_factory_new/src/Pizza.java",
   "code/pizza_factory_new/src/PizzaFactory.java",
   "code/pizza_factory_new/src/PizzaHawaii.java",
   "code/pizza_factory_new/src/PizzaMozarella.java",
   "code/pizza_factory_new/src/PizzaSalami.java"

  ],
  "video": ""
}