{
  "plan": "plan.md",
  "theory": "theory.md",
  "homework": "homework.md",
  "code": [
   "code/cars/src/Car.java",
   "code/cars/src/Main.java",
   "code/cars/src/PassengerCar.java",
   "code/cars/src/Truck.java",
   "code/homework22/src/Car.java",
   "code/homework22/src/Cat.java",
   "code/homework22/src/Main.java",
   "code/homework22/src/PassengerCar.java",
   "code/homework22/src/Truck.java",
   "code/super_keyword/src/Main.java",
   "code/super_keyword/src/ParentClass.java",
   "code/super_keyword/src/SubClass.java"

  ],
  "video": ""
}