{
  "plan": "plan.md",
  "theory": "theory.md",
  "homework": "homework.md",
  "code": [
   "code/employees/src/AgeComparator.java",
   "code/employees/src/AgeNameComparator.java",
   "code/employees/src/Employee.java",
   "code/employees/src/Main.java",
   "code/employees/src/NameComparator.java",
   "code/employees/src/SalaryComparator.java",
   "code/main32/src/Main.java",
   "code/multidimensional_arrays/src/Main.java",
   "code/multidimensional_arrays/src/Shuttle.java"
  ],
  "video": ""
}